{"vegas": {"1": {"1": {"delay": 57.732, "loss": 0.0024830801082107445, "tput": 2.892549105781489}, "all": {"delay": 57.732, "loss": 0.0024830801082107445, "tput": 2.892549105781489}}}, "vivace": {"1": {"1": {"delay": 421.992, "loss": 0.00044153399930979553, "tput": 7.860147346787124}, "all": {"delay": 421.992, "loss": 0.00044153399930979553, "tput": 7.860147346787124}}}, "cubic": {"1": {"1": {"delay": 756.806, "loss": 0.028977099064434353, "tput": 14.141326350883059}, "all": {"delay": 756.806, "loss": 0.028977099064434353, "tput": 14.141326350883059}}}}