{"vegas": {"1": {"1": {"delay": 104.527, "loss": 0.003878932105800037, "tput": 12.754596258853232}, "all": {"delay": 104.527, "loss": 0.003878932105800037, "tput": 12.754596258853232}}}, "vivace": {"1": {"1": {"delay": 110.359, "loss": 0.010105204959949265, "tput": 36.094126360207675}, "all": {"delay": 110.359, "loss": 0.010105204959949265, "tput": 36.094126360207675}}}, "cubic": {"1": {"1": {"delay": 105.005, "loss": 0.005743452568425456, "tput": 33.06635700722914}, "all": {"delay": 105.005, "loss": 0.005743452568425456, "tput": 33.06635700722914}}}}