{"bbr": {"1": {"1": {"delay": 20.247, "loss": 0.0004104792244605804, "tput": 11.685298294025056}, "all": {"delay": 20.247, "loss": 0.0004104792244605804, "tput": 11.685298294025056}}}, "cubic": {"1": {"1": {"delay": 1626.918, "loss": 0.05193266206003899, "tput": 11.998800151561205}, "all": {"delay": 1626.918, "loss": 0.05193266206003899, "tput": 11.998800151561205}}}}